,Unnamed: 0,case:concept:name,case:creator,lifecycle:transition,time:timestamp,org:resource,category,application,concept:name,event_src_path,event_dest_path,clipboard_content,mouse_coord,workbook,current_worksheet,worksheets,sheets,cell_content,cell_range,cell_range_number,window_size,slides,effect,hotkey,id,title,description,browser_url,eventQual,tab_moved_from_index,tab_moved_to_index,newZoomFactor,oldZoomFactor,tab_pinned,tab_audible,tab_muted,window_ingognito,file_size,tag_category,tag_type,tag_name,tag_title,tag_value,tag_checked,tag_html,tag_href,tag_innerText,tag_option,tag_attributes,xpath,xpath_full
0,1970-01-01 00:00:00.000000742+00:00,0,SmartRPA by marco2012,complete,2020-05-19 14:25:58+00:00,lopezamber,Browser,Chrome,closeTab,,,,,,,,,,,,,,,,,,,http://smith-ayala.net/,"[""fromAddressBar""]",,,,,,,,,,BUTTON,submit,,,False,,,,,,,"id(""hand/div[2]"")","id(""hand/div[2]"")"
1,1970-01-01 00:00:00.000051+00:00,0,SmartRPA by marco2012,complete,2020-07-07 09:07:00+00:00,debra65,OperatingSystem,Explorer,Unmount,/dark/total.wav,,,,,,,,,,,,,,,,,,,,,,,,,,,,,,,,,,,,,,,,,
2,1970-01-01 00:00:00.000051001+00:00,0,SmartRPA by marco2012,complete,2020-07-07 09:07:57+00:00,debra65,OperatingSystem,Explorer,Unmount,/cost/interview.avi,,,,,,,,,,,,,,,,,,,,,,,,,,,,,,,,,,,,,,,,,
3,1970-01-01 00:00:00.000051002+00:00,0,SmartRPA by marco2012,complete,2020-07-07 09:08:20+00:00,debra65,OperatingSystem,Clipboard,paste,,,Soldier trial court away page.,,,,,,,,,,,,,,,,,,,,,,,,,,,,,,,,,,,,,,,
4,1970-01-01 00:00:00.000051010+00:00,0,SmartRPA by marco2012,complete,2020-07-07 09:12:37+00:00,debra65,OperatingSystem,Explorer,Unmount,/pass/cost.key,,,,,,,,,,,,,,,,,,,,,,,,,,,,,,,,,,,,,,,,,
5,1970-01-01 00:00:00.000051004+00:00,0,SmartRPA by marco2012,complete,2020-07-07 09:08:58+00:00,debra65,OperatingSystem,Clipboard,paste,,,War product current week kitchen.,,,,,,,,,,,,,,,,,,,,,,,,,,,,,,,,,,,,,,,
6,1970-01-01 00:00:00.000051005+00:00,0,SmartRPA by marco2012,complete,2020-07-07 09:09:39+00:00,debra65,OperatingSystem,Explorer,selectFolder,/always/send.png,,,,,,,,,,,,,,,,,,,,,,,,,,,,,,,,,,,,,,,,,
7,1970-01-01 00:00:00.000051006+00:00,0,SmartRPA by marco2012,complete,2020-07-07 09:10:17+00:00,debra65,OperatingSystem,Notepad.exe,programClose,,,,,,,,,,,,,,,,,,,,,,,,,,,,,,,,,,,,,,,,,,
8,1970-01-01 00:00:00.000051007+00:00,0,SmartRPA by marco2012,complete,2020-07-07 09:10:24+00:00,debra65,OperatingSystem,Explorer,selectFolder,/list/behind.tiff,,,,,,,,,,,,,,,,,,,,,,,,,,,,,,,,,,,,,,,,,
9,1970-01-01 00:00:00.000051008+00:00,0,SmartRPA by marco2012,complete,2020-07-07 09:11:06+00:00,debra65,OperatingSystem,Explorer,Unmount,/page/us.webm,,,,,,,,,,,,,,,,,,,,,,,,,,,,,,,,,,,,,,,,,
10,1970-01-01 00:00:00.000051009+00:00,0,SmartRPA by marco2012,complete,2020-07-07 09:12:01+00:00,debra65,OperatingSystem,Clipboard,paste,,,Work star condition identify indeed high.,,,,,,,,,,,,,,,,,,,,,,,,,,,,,,,,,,,,,,,
11,1970-01-01 00:00:00.000051003+00:00,0,SmartRPA by marco2012,complete,2020-07-07 09:08:38+00:00,debra65,OperatingSystem,Explorer,selectFolder,/up/level.webm,,,,,,,,,,,,,,,,,,,,,,,,,,,,,,,,,,,,,,,,,
12,1970-01-01 00:00:00.000051011+00:00,0,SmartRPA by marco2012,complete,2020-07-07 09:13:16+00:00,debra65,OperatingSystem,Explorer,selectFolder,/challenge/specific.mp4,,,,,,,,,,,,,,,,,,,,,,,,,,,,,,,,,,,,,,,,,
13,1970-01-01 00:00:00.000051012+00:00,0,SmartRPA by marco2012,complete,2020-07-07 09:13:34+00:00,debra65,OperatingSystem,Explorer,selectFolder,/standard/toward.jpeg,,,,,,,,,,,,,,,,,,,,,,,,,,,,,,,,,,,,,,,,,
14,1970-01-01 00:00:00.000051013+00:00,0,SmartRPA by marco2012,complete,2020-07-07 09:13:58+00:00,debra65,OperatingSystem,Clipboard,paste,,,Alone industry value campaign better.,,,,,,,,,,,,,,,,,,,,,,,,,,,,,,,,,,,,,,,
15,1970-01-01 00:00:00.000051014+00:00,0,SmartRPA by marco2012,complete,2020-07-07 09:14:28+00:00,debra65,OperatingSystem,Explorer,Unmount,/agent/explain.csv,,,,,,,,,,,,,,,,,,,,,,,,,,,,,,,,,,,,,,,,,
16,1970-01-01 00:00:00.000051015+00:00,0,SmartRPA by marco2012,complete,2020-07-07 09:15:26+00:00,debra65,OperatingSystem,Explorer,Unmount,/always/send.png,,,,,,,,,,,,,,,,,,,,,,,,,,,,,,,,,,,,,,,,,
17,1970-01-01 00:00:00.000051016+00:00,0,SmartRPA by marco2012,complete,2020-07-07 09:16:08+00:00,debra65,OperatingSystem,SublimeText,programClose,,,,,,,,,,,,,,,,,,,,,,,,,,,,,,,,,,,,,,,,,,
18,1970-01-01 00:00:00.000051017+00:00,0,SmartRPA by marco2012,complete,2020-07-07 09:16:31+00:00,debra65,OperatingSystem,Skype,programClose,,,,,,,,,,,,,,,,,,,,,,,,,,,,,,,,,,,,,,,,,,
19,1970-01-01 00:00:00.000051018+00:00,0,SmartRPA by marco2012,complete,2020-07-07 09:16:41+00:00,debra65,OperatingSystem,VisualStudioCode,programClose,,,,,,,,,,,,,,,,,,,,,,,,,,,,,,,,,,,,,,,,,,
20,1970-01-01 00:00:00.000051019+00:00,0,SmartRPA by marco2012,complete,2020-07-07 09:17:31+00:00,debra65,OperatingSystem,Explorer,selectFolder,/during/personal.flac,,,,,,,,,,,,,,,,,,,,,,,,,,,,,,,,,,,,,,,,,
21,1970-01-01 00:00:00.000022743+00:00,0,SmartRPA by marco2012,complete,2020-09-16 21:07:27+00:00,dreeves,OperatingSystem,Explorer,moved,/long/myself.mp4,/similar/bring.odt,,,,,,,,,,,,,,,,,,,,,,,,,,,,,,,,,,,,,,,,
22,1970-01-01 00:00:00.000016860+00:00,0,SmartRPA by marco2012,complete,2020-07-15 16:14:53+00:00,jennifer73,Browser,Chrome,attachTab,,,,,,,,,,,,,,,,,,,https://www.cantrell-gonzalez.net/,"[""serverRedirect"",""fromAddressBar""]",,,,,,,,,,A,,our,,course,,,,,,,"id(""hand/div[2]"")","id(""hand/div[2]"")"
23,1970-01-01 00:00:00.000000201+00:00,0,SmartRPA by marco2012,complete,2020-01-31 13:24:58+00:00,whoward,Browser,Chrome,clickCheckboxButton,,,,,,,,,,,,,,,,,,,https://www.simon.org/,[],,,,,,,,,,A,,dream,,,,,,,,,"id(""chair/image[3]"")","id(""chair/image[3]"")"
24,1970-01-01 00:00:00.000005579+00:00,0,SmartRPA by marco2012,complete,2020-09-08 01:43:01+00:00,mdorsey,Browser,Chrome,modifyBookmark,,,,,,,,,,,,,,,,,,,http://murphy.info/,[],,,,,,,,,,BUTTON,submit,news,,,,,,,,,"id(""traditional"")","id(""traditional"")"
25,1970-01-01 00:00:00.000010876+00:00,1,SmartRPA by marco2012,complete,2020-02-11 01:17:30+00:00,taylormary,Browser,Chrome,selectText,,,,,,,,,,,,,,,,click_btn,,,https://www.allen-williams.com/,[],,,,,,,,,,INPUT,text,thousand,,provide,,,,,,,"id(""provide/body[4]/a[1]"")","id(""provide/body[4]/a[1]"")"
26,1970-01-01 00:00:00.000051+00:00,1,SmartRPA by marco2012,complete,2020-07-07 09:07:00+00:00,debra65,OperatingSystem,Explorer,Unmount,/dark/total.wav,,,,,,,,,,,,,,,,,,,,,,,,,,,,,,,,,,,,,,,,,
27,1970-01-01 00:00:00.000051001+00:00,1,SmartRPA by marco2012,complete,2020-07-07 09:07:57+00:00,debra65,OperatingSystem,Explorer,Unmount,/cost/interview.avi,,,,,,,,,,,,,,,,,,,,,,,,,,,,,,,,,,,,,,,,,
28,1970-01-01 00:00:00.000051002+00:00,1,SmartRPA by marco2012,complete,2020-07-07 09:08:20+00:00,debra65,OperatingSystem,Clipboard,paste,,,Soldier trial court away page.,,,,,,,,,,,,,,,,,,,,,,,,,,,,,,,,,,,,,,,
29,1970-01-01 00:00:00.000051003+00:00,1,SmartRPA by marco2012,complete,2020-07-07 09:08:38+00:00,debra65,OperatingSystem,Explorer,selectFolder,/up/level.webm,,,,,,,,,,,,,,,,,,,,,,,,,,,,,,,,,,,,,,,,,
30,1970-01-01 00:00:00.000051009+00:00,1,SmartRPA by marco2012,complete,2020-07-07 09:12:01+00:00,debra65,OperatingSystem,Clipboard,paste,,,Work star condition identify indeed high.,,,,,,,,,,,,,,,,,,,,,,,,,,,,,,,,,,,,,,,
31,1970-01-01 00:00:00.000051007+00:00,1,SmartRPA by marco2012,complete,2020-07-07 09:10:24+00:00,debra65,OperatingSystem,Explorer,selectFolder,/list/behind.tiff,,,,,,,,,,,,,,,,,,,,,,,,,,,,,,,,,,,,,,,,,
32,1970-01-01 00:00:00.000051006+00:00,1,SmartRPA by marco2012,complete,2020-07-07 09:10:17+00:00,debra65,OperatingSystem,Notepad.exe,programClose,,,,,,,,,,,,,,,,,,,,,,,,,,,,,,,,,,,,,,,,,,
33,1970-01-01 00:00:00.000051005+00:00,1,SmartRPA by marco2012,complete,2020-07-07 09:09:39+00:00,debra65,OperatingSystem,Explorer,selectFolder,/always/send.png,,,,,,,,,,,,,,,,,,,,,,,,,,,,,,,,,,,,,,,,,
34,1970-01-01 00:00:00.000051008+00:00,1,SmartRPA by marco2012,complete,2020-07-07 09:11:06+00:00,debra65,OperatingSystem,Explorer,Unmount,/page/us.webm,,,,,,,,,,,,,,,,,,,,,,,,,,,,,,,,,,,,,,,,,
35,1970-01-01 00:00:00.000051004+00:00,1,SmartRPA by marco2012,complete,2020-07-07 09:08:58+00:00,debra65,OperatingSystem,Clipboard,paste,,,War product current week kitchen.,,,,,,,,,,,,,,,,,,,,,,,,,,,,,,,,,,,,,,,
36,1970-01-01 00:00:00.000051010+00:00,1,SmartRPA by marco2012,complete,2020-07-07 09:12:37+00:00,debra65,OperatingSystem,Explorer,Unmount,/pass/cost.key,,,,,,,,,,,,,,,,,,,,,,,,,,,,,,,,,,,,,,,,,
37,1970-01-01 00:00:00.000051011+00:00,1,SmartRPA by marco2012,complete,2020-07-07 09:13:16+00:00,debra65,OperatingSystem,Explorer,selectFolder,/challenge/specific.mp4,,,,,,,,,,,,,,,,,,,,,,,,,,,,,,,,,,,,,,,,,
38,1970-01-01 00:00:00.000051012+00:00,1,SmartRPA by marco2012,complete,2020-07-07 09:13:34+00:00,debra65,OperatingSystem,Explorer,selectFolder,/standard/toward.jpeg,,,,,,,,,,,,,,,,,,,,,,,,,,,,,,,,,,,,,,,,,
39,1970-01-01 00:00:00.000051013+00:00,1,SmartRPA by marco2012,complete,2020-07-07 09:13:58+00:00,debra65,OperatingSystem,Clipboard,paste,,,Alone industry value campaign better.,,,,,,,,,,,,,,,,,,,,,,,,,,,,,,,,,,,,,,,
40,1970-01-01 00:00:00.000051014+00:00,1,SmartRPA by marco2012,complete,2020-07-07 09:14:28+00:00,debra65,OperatingSystem,Explorer,Unmount,/agent/explain.csv,,,,,,,,,,,,,,,,,,,,,,,,,,,,,,,,,,,,,,,,,
41,1970-01-01 00:00:00.000051015+00:00,1,SmartRPA by marco2012,complete,2020-07-07 09:15:26+00:00,debra65,OperatingSystem,Explorer,Unmount,/always/send.png,,,,,,,,,,,,,,,,,,,,,,,,,,,,,,,,,,,,,,,,,
42,1970-01-01 00:00:00.000051016+00:00,1,SmartRPA by marco2012,complete,2020-07-07 09:16:08+00:00,debra65,OperatingSystem,SublimeText,programClose,,,,,,,,,,,,,,,,,,,,,,,,,,,,,,,,,,,,,,,,,,
43,1970-01-01 00:00:00.000051017+00:00,1,SmartRPA by marco2012,complete,2020-07-07 09:16:31+00:00,debra65,OperatingSystem,Skype,programClose,,,,,,,,,,,,,,,,,,,,,,,,,,,,,,,,,,,,,,,,,,
44,1970-01-01 00:00:00.000051018+00:00,1,SmartRPA by marco2012,complete,2020-07-07 09:16:41+00:00,debra65,OperatingSystem,VisualStudioCode,programClose,,,,,,,,,,,,,,,,,,,,,,,,,,,,,,,,,,,,,,,,,,
45,1970-01-01 00:00:00.000051019+00:00,1,SmartRPA by marco2012,complete,2020-07-07 09:17:31+00:00,debra65,OperatingSystem,Explorer,selectFolder,/during/personal.flac,,,,,,,,,,,,,,,,,,,,,,,,,,,,,,,,,,,,,,,,,
46,1970-01-01 00:00:00.000000412+00:00,1,SmartRPA by marco2012,complete,2020-08-05 06:31:39+00:00,martinezemily,OperatingSystem,Explorer,insertUSB,/scene/information.pptx,,,,,,,,,,,,,,,,,,,,,,,,,,,,,,,,,,,,,,,,,
47,1970-01-01 00:00:00.000010061+00:00,1,SmartRPA by marco2012,complete,2020-01-08 03:50:03+00:00,joseph50,Browser,Chrome,installBrowserExtension,,,,,,,,,,,,,,,,check_link,,,https://larson.com/,"[""serverRedirect""]",,,,,,,,,,BUTTON,submit,data,,nor,,,,,,,"id(""trial"")","id(""trial"")"
48,1970-01-01 00:00:00.000000279+00:00,1,SmartRPA by marco2012,complete,2020-09-04 16:43:50+00:00,jenniferhays,Browser,Chrome,dragElement,,,,,,,,,,,,,,,,,,,http://www.werner.com/last,"[""serverRedirect"",""fromAddressBar""]",,,,,,,,,,,,interest,,political,,,,,,,"id(""cultural"")","id(""cultural"")"
49,1970-01-01 00:00:00.000008025+00:00,1,SmartRPA by marco2012,complete,2020-09-06 02:38:10+00:00,hollymurphy,Browser,Chrome,typed,,,,,,,,,,,,,,,,,,,https://larson.com/more,[],,,,,,,,,,IMG,,,,environmental,,,,,,,"id(""environmental/section[1]"")","id(""environmental/section[1]"")"
50,1970-01-01 00:00:00.000008387+00:00,2,SmartRPA by marco2012,complete,2020-08-02 01:49:12+00:00,powelljoshua,Browser,Chrome,clickLink,,,,,,,,,,,,,,,,,,,https://lopez.com/,"[""fromAddressBar""]",,,,,,,,,,,,traditional,,our,,,,,,,"id(""hand/div[2]"")","id(""hand/div[2]"")"
51,1970-01-01 00:00:00.000051016+00:00,2,SmartRPA by marco2012,complete,2020-07-07 09:16:08+00:00,debra65,OperatingSystem,SublimeText,programClose,,,,,,,,,,,,,,,,,,,,,,,,,,,,,,,,,,,,,,,,,,
52,1970-01-01 00:00:00.000051001+00:00,2,SmartRPA by marco2012,complete,2020-07-07 09:07:57+00:00,debra65,OperatingSystem,Explorer,Unmount,/cost/interview.avi,,,,,,,,,,,,,,,,,,,,,,,,,,,,,,,,,,,,,,,,,
53,1970-01-01 00:00:00.000051002+00:00,2,SmartRPA by marco2012,complete,2020-07-07 09:08:20+00:00,debra65,OperatingSystem,Clipboard,paste,,,Soldier trial court away page.,,,,,,,,,,,,,,,,,,,,,,,,,,,,,,,,,,,,,,,
54,1970-01-01 00:00:00.000051003+00:00,2,SmartRPA by marco2012,complete,2020-07-07 09:08:38+00:00,debra65,OperatingSystem,Explorer,selectFolder,/up/level.webm,,,,,,,,,,,,,,,,,,,,,,,,,,,,,,,,,,,,,,,,,
55,1970-01-01 00:00:00.000051004+00:00,2,SmartRPA by marco2012,complete,2020-07-07 09:08:58+00:00,debra65,OperatingSystem,Clipboard,paste,,,War product current week kitchen.,,,,,,,,,,,,,,,,,,,,,,,,,,,,,,,,,,,,,,,
56,1970-01-01 00:00:00.000051005+00:00,2,SmartRPA by marco2012,complete,2020-07-07 09:09:39+00:00,debra65,OperatingSystem,Explorer,selectFolder,/always/send.png,,,,,,,,,,,,,,,,,,,,,,,,,,,,,,,,,,,,,,,,,
57,1970-01-01 00:00:00.000051006+00:00,2,SmartRPA by marco2012,complete,2020-07-07 09:10:17+00:00,debra65,OperatingSystem,Notepad.exe,programClose,,,,,,,,,,,,,,,,,,,,,,,,,,,,,,,,,,,,,,,,,,
58,1970-01-01 00:00:00.000051007+00:00,2,SmartRPA by marco2012,complete,2020-07-07 09:10:24+00:00,debra65,OperatingSystem,Explorer,selectFolder,/list/behind.tiff,,,,,,,,,,,,,,,,,,,,,,,,,,,,,,,,,,,,,,,,,
59,1970-01-01 00:00:00.000051008+00:00,2,SmartRPA by marco2012,complete,2020-07-07 09:11:06+00:00,debra65,OperatingSystem,Explorer,Unmount,/page/us.webm,,,,,,,,,,,,,,,,,,,,,,,,,,,,,,,,,,,,,,,,,
60,1970-01-01 00:00:00.000051009+00:00,2,SmartRPA by marco2012,complete,2020-07-07 09:12:01+00:00,debra65,OperatingSystem,Clipboard,paste,,,Work star condition identify indeed high.,,,,,,,,,,,,,,,,,,,,,,,,,,,,,,,,,,,,,,,
61,1970-01-01 00:00:00.000051010+00:00,2,SmartRPA by marco2012,complete,2020-07-07 09:12:37+00:00,debra65,OperatingSystem,Explorer,Unmount,/pass/cost.key,,,,,,,,,,,,,,,,,,,,,,,,,,,,,,,,,,,,,,,,,
62,1970-01-01 00:00:00.000051011+00:00,2,SmartRPA by marco2012,complete,2020-07-07 09:13:16+00:00,debra65,OperatingSystem,Explorer,selectFolder,/challenge/specific.mp4,,,,,,,,,,,,,,,,,,,,,,,,,,,,,,,,,,,,,,,,,
63,1970-01-01 00:00:00.000051012+00:00,2,SmartRPA by marco2012,complete,2020-07-07 09:13:34+00:00,debra65,OperatingSystem,Explorer,selectFolder,/standard/toward.jpeg,,,,,,,,,,,,,,,,,,,,,,,,,,,,,,,,,,,,,,,,,
64,1970-01-01 00:00:00.000051013+00:00,2,SmartRPA by marco2012,complete,2020-07-07 09:13:58+00:00,debra65,OperatingSystem,Clipboard,paste,,,Alone industry value campaign better.,,,,,,,,,,,,,,,,,,,,,,,,,,,,,,,,,,,,,,,
65,1970-01-01 00:00:00.000051014+00:00,2,SmartRPA by marco2012,complete,2020-07-07 09:14:28+00:00,debra65,OperatingSystem,Explorer,Unmount,/agent/explain.csv,,,,,,,,,,,,,,,,,,,,,,,,,,,,,,,,,,,,,,,,,
66,1970-01-01 00:00:00.000051015+00:00,2,SmartRPA by marco2012,complete,2020-07-07 09:15:26+00:00,debra65,OperatingSystem,Explorer,Unmount,/always/send.png,,,,,,,,,,,,,,,,,,,,,,,,,,,,,,,,,,,,,,,,,
67,1970-01-01 00:00:00.000051018+00:00,2,SmartRPA by marco2012,complete,2020-07-07 09:16:41+00:00,debra65,OperatingSystem,VisualStudioCode,programClose,,,,,,,,,,,,,,,,,,,,,,,,,,,,,,,,,,,,,,,,,,
68,1970-01-01 00:00:00.000051017+00:00,2,SmartRPA by marco2012,complete,2020-07-07 09:16:31+00:00,debra65,OperatingSystem,Skype,programClose,,,,,,,,,,,,,,,,,,,,,,,,,,,,,,,,,,,,,,,,,,
69,1970-01-01 00:00:00.000051+00:00,2,SmartRPA by marco2012,complete,2020-07-07 09:07:00+00:00,debra65,OperatingSystem,Explorer,Unmount,/dark/total.wav,,,,,,,,,,,,,,,,,,,,,,,,,,,,,,,,,,,,,,,,,
70,1970-01-01 00:00:00.000051019+00:00,2,SmartRPA by marco2012,complete,2020-07-07 09:17:31+00:00,debra65,OperatingSystem,Explorer,selectFolder,/during/personal.flac,,,,,,,,,,,,,,,,,,,,,,,,,,,,,,,,,,,,,,,,,
71,1970-01-01 00:00:00.000000379+00:00,2,SmartRPA by marco2012,complete,2020-06-05 06:11:13+00:00,mario76,MicrosoftOffice,Microsoft Word,doubleClickWindow,/many/direction.avi,,,,,,,,,,,,,,,,road,,,,,,,,,,,,,,,,,,,,,,,,,
72,1970-01-01 00:00:00.000003322+00:00,2,SmartRPA by marco2012,complete,2020-10-25 11:07:53+00:00,qwalker,Browser,Chrome,detachTab,,,,,,,,,,,,,,,,check_link,,,http://www.holloway.com/be,[],,,,,,,,,,A,,nature,,collection,,,,,,,"id(""news/url[1]"")","id(""news/url[1]"")"
73,1970-01-01 00:00:00.000005238+00:00,2,SmartRPA by marco2012,complete,2020-10-17 04:28:54+00:00,thompsonkari,Browser,Chrome,clickTextField,,,,,,,,,,,,,,,,check_link,,,https://www.cantrell-gonzalez.net/then,"[""serverRedirect""]",,,,,,,,,,,,American,,say,,,,,,,"id(""hand/div[2]"")","id(""hand/div[2]"")"
74,1970-01-01 00:00:00.000001373+00:00,2,SmartRPA by marco2012,complete,2020-07-10 06:52:43+00:00,zhanson,Browser,Chrome,clickedNotification,,,,,,,,,,,,,,,,,,,https://www.cantrell-gonzalez.net/,"[""serverRedirect"",""fromAddressBar""]",,,,,,,,,,DIV,,say,,,,,,,,,"id(""month/button[0]/section[3]"")","id(""month/button[0]/section[3]"")"
75,1970-01-01 00:00:00.000000026+00:00,3,SmartRPA by marco2012,complete,2020-07-29 10:00:19+00:00,kdavis,Browser,Chrome,closeTab,,,,,,,,,,,,,,,,click_btn,,,https://harris-johnston.net/,"[""serverRedirect"",""fromAddressBar""]",,,,,,,,,,DIV,,reason,,news,,,,,,,"id(""opportunity/body[2]"")","id(""opportunity/body[2]"")"
76,1970-01-01 00:00:00.000051+00:00,3,SmartRPA by marco2012,complete,2020-07-07 09:07:00+00:00,debra65,OperatingSystem,Explorer,Unmount,/dark/total.wav,,,,,,,,,,,,,,,,,,,,,,,,,,,,,,,,,,,,,,,,,
77,1970-01-01 00:00:00.000051001+00:00,3,SmartRPA by marco2012,complete,2020-07-07 09:07:57+00:00,debra65,OperatingSystem,Explorer,Unmount,/cost/interview.avi,,,,,,,,,,,,,,,,,,,,,,,,,,,,,,,,,,,,,,,,,
78,1970-01-01 00:00:00.000051005+00:00,3,SmartRPA by marco2012,complete,2020-07-07 09:09:39+00:00,debra65,OperatingSystem,Explorer,selectFolder,/always/send.png,,,,,,,,,,,,,,,,,,,,,,,,,,,,,,,,,,,,,,,,,
79,1970-01-01 00:00:00.000051003+00:00,3,SmartRPA by marco2012,complete,2020-07-07 09:08:38+00:00,debra65,OperatingSystem,Explorer,selectFolder,/up/level.webm,,,,,,,,,,,,,,,,,,,,,,,,,,,,,,,,,,,,,,,,,
80,1970-01-01 00:00:00.000051004+00:00,3,SmartRPA by marco2012,complete,2020-07-07 09:08:58+00:00,debra65,OperatingSystem,Clipboard,paste,,,War product current week kitchen.,,,,,,,,,,,,,,,,,,,,,,,,,,,,,,,,,,,,,,,
81,1970-01-01 00:00:00.000051002+00:00,3,SmartRPA by marco2012,complete,2020-07-07 09:08:20+00:00,debra65,OperatingSystem,Clipboard,paste,,,Soldier trial court away page.,,,,,,,,,,,,,,,,,,,,,,,,,,,,,,,,,,,,,,,
82,1970-01-01 00:00:00.000051006+00:00,3,SmartRPA by marco2012,complete,2020-07-07 09:10:17+00:00,debra65,OperatingSystem,Notepad.exe,programClose,,,,,,,,,,,,,,,,,,,,,,,,,,,,,,,,,,,,,,,,,,
83,1970-01-01 00:00:00.000051007+00:00,3,SmartRPA by marco2012,complete,2020-07-07 09:10:24+00:00,debra65,OperatingSystem,Explorer,selectFolder,/list/behind.tiff,,,,,,,,,,,,,,,,,,,,,,,,,,,,,,,,,,,,,,,,,
84,1970-01-01 00:00:00.000051017+00:00,3,SmartRPA by marco2012,complete,2020-07-07 09:16:31+00:00,debra65,OperatingSystem,Skype,programClose,,,,,,,,,,,,,,,,,,,,,,,,,,,,,,,,,,,,,,,,,,
85,1970-01-01 00:00:00.000051009+00:00,3,SmartRPA by marco2012,complete,2020-07-07 09:12:01+00:00,debra65,OperatingSystem,Clipboard,paste,,,Work star condition identify indeed high.,,,,,,,,,,,,,,,,,,,,,,,,,,,,,,,,,,,,,,,
86,1970-01-01 00:00:00.000051010+00:00,3,SmartRPA by marco2012,complete,2020-07-07 09:12:37+00:00,debra65,OperatingSystem,Explorer,Unmount,/pass/cost.key,,,,,,,,,,,,,,,,,,,,,,,,,,,,,,,,,,,,,,,,,
87,1970-01-01 00:00:00.000051011+00:00,3,SmartRPA by marco2012,complete,2020-07-07 09:13:16+00:00,debra65,OperatingSystem,Explorer,selectFolder,/challenge/specific.mp4,,,,,,,,,,,,,,,,,,,,,,,,,,,,,,,,,,,,,,,,,
88,1970-01-01 00:00:00.000051012+00:00,3,SmartRPA by marco2012,complete,2020-07-07 09:13:34+00:00,debra65,OperatingSystem,Explorer,selectFolder,/standard/toward.jpeg,,,,,,,,,,,,,,,,,,,,,,,,,,,,,,,,,,,,,,,,,
89,1970-01-01 00:00:00.000051013+00:00,3,SmartRPA by marco2012,complete,2020-07-07 09:13:58+00:00,debra65,OperatingSystem,Clipboard,paste,,,Alone industry value campaign better.,,,,,,,,,,,,,,,,,,,,,,,,,,,,,,,,,,,,,,,
90,1970-01-01 00:00:00.000051014+00:00,3,SmartRPA by marco2012,complete,2020-07-07 09:14:28+00:00,debra65,OperatingSystem,Explorer,Unmount,/agent/explain.csv,,,,,,,,,,,,,,,,,,,,,,,,,,,,,,,,,,,,,,,,,
91,1970-01-01 00:00:00.000051015+00:00,3,SmartRPA by marco2012,complete,2020-07-07 09:15:26+00:00,debra65,OperatingSystem,Explorer,Unmount,/always/send.png,,,,,,,,,,,,,,,,,,,,,,,,,,,,,,,,,,,,,,,,,
92,1970-01-01 00:00:00.000051016+00:00,3,SmartRPA by marco2012,complete,2020-07-07 09:16:08+00:00,debra65,OperatingSystem,SublimeText,programClose,,,,,,,,,,,,,,,,,,,,,,,,,,,,,,,,,,,,,,,,,,
93,1970-01-01 00:00:00.000051008+00:00,3,SmartRPA by marco2012,complete,2020-07-07 09:11:06+00:00,debra65,OperatingSystem,Explorer,Unmount,/page/us.webm,,,,,,,,,,,,,,,,,,,,,,,,,,,,,,,,,,,,,,,,,
94,1970-01-01 00:00:00.000051018+00:00,3,SmartRPA by marco2012,complete,2020-07-07 09:16:41+00:00,debra65,OperatingSystem,VisualStudioCode,programClose,,,,,,,,,,,,,,,,,,,,,,,,,,,,,,,,,,,,,,,,,,
95,1970-01-01 00:00:00.000051019+00:00,3,SmartRPA by marco2012,complete,2020-07-07 09:17:31+00:00,debra65,OperatingSystem,Explorer,selectFolder,/during/personal.flac,,,,,,,,,,,,,,,,,,,,,,,,,,,,,,,,,,,,,,,,,
96,1970-01-01 00:00:00.000014810+00:00,3,SmartRPA by marco2012,complete,2020-04-17 18:49:23+00:00,gbrown,OperatingSystem,Explorer,moved,/money/I.odp,/pass/blood.key,,,,,,,,,,,,,,,,,,,,,,,,,,,,,,,,,,,,,,,,
97,1970-01-01 00:00:00.000008129+00:00,3,SmartRPA by marco2012,complete,2020-09-04 14:22:17+00:00,savagezachary,Browser,Chrome,changeHistory,,,,,,,,,,,,,,,,,,,http://murphy.info/how,"[""fromAddressBar""]",,,,,,,,,,A,,total,,state,,,,,,,"id(""traditional"")","id(""traditional"")"
98,1970-01-01 00:00:00.000004053+00:00,3,SmartRPA by marco2012,complete,2020-06-04 14:18:35+00:00,ywood,Browser,Chrome,modifyBookmark,,,,,,,,,,,,,,,,,,,https://dunn-stuart.com/blue,"[""serverRedirect"",""fromAddressBar""]",,,,,,,,,,A,,environmental,,hair,,,,,,,"id(""environmental/section[1]"")","id(""environmental/section[1]"")"
99,1970-01-01 00:00:00.000014256+00:00,3,SmartRPA by marco2012,complete,2020-05-03 05:19:31+00:00,lisaliu,Browser,Chrome,clickButton,,,,,,,,,,,,,,,,,,,https://www.stone.biz/local,[],,,,,,,,,,DIV,,thousand,,trial,,,,,,,"id(""provide/body[4]/a[1]"")","id(""provide/body[4]/a[1]"")"
100,1970-01-01 00:00:00.000012390+00:00,4,SmartRPA by marco2012,complete,2020-05-07 01:16:50+00:00,pgriffith,Browser,Chrome,pinnedTab,,,,,,,,,,,,,,,,,,,http://murphy.info/,"[""fromAddressBar""]",,,,,,,,,,A,,manager,,,,,,,,,"id(""hand/div[2]"")","id(""hand/div[2]"")"
101,1970-01-01 00:00:00.000002124+00:00,4,SmartRPA by marco2012,complete,2020-03-06 13:27:03+00:00,perezmichael,OperatingSystem,Explorer,moved,/mention/guess.avi,/point/else.csv,,,,,,,,,,,,,,,,,,,,,,,,,,,,,,,,,,,,,,,,
102,1970-01-01 00:00:00.000051+00:00,4,SmartRPA by marco2012,complete,2020-07-07 09:07:00+00:00,debra65,OperatingSystem,Explorer,Unmount,/dark/total.wav,,,,,,,,,,,,,,,,,,,,,,,,,,,,,,,,,,,,,,,,,
103,1970-01-01 00:00:00.000051013+00:00,4,SmartRPA by marco2012,complete,2020-07-07 09:13:58+00:00,debra65,OperatingSystem,Clipboard,paste,,,Alone industry value campaign better.,,,,,,,,,,,,,,,,,,,,,,,,,,,,,,,,,,,,,,,
104,1970-01-01 00:00:00.000051002+00:00,4,SmartRPA by marco2012,complete,2020-07-07 09:08:20+00:00,debra65,OperatingSystem,Clipboard,paste,,,Soldier trial court away page.,,,,,,,,,,,,,,,,,,,,,,,,,,,,,,,,,,,,,,,
105,1970-01-01 00:00:00.000051003+00:00,4,SmartRPA by marco2012,complete,2020-07-07 09:08:38+00:00,debra65,OperatingSystem,Explorer,selectFolder,/up/level.webm,,,,,,,,,,,,,,,,,,,,,,,,,,,,,,,,,,,,,,,,,
106,1970-01-01 00:00:00.000051004+00:00,4,SmartRPA by marco2012,complete,2020-07-07 09:08:58+00:00,debra65,OperatingSystem,Clipboard,paste,,,War product current week kitchen.,,,,,,,,,,,,,,,,,,,,,,,,,,,,,,,,,,,,,,,
107,1970-01-01 00:00:00.000051005+00:00,4,SmartRPA by marco2012,complete,2020-07-07 09:09:39+00:00,debra65,OperatingSystem,Explorer,selectFolder,/always/send.png,,,,,,,,,,,,,,,,,,,,,,,,,,,,,,,,,,,,,,,,,
108,1970-01-01 00:00:00.000051006+00:00,4,SmartRPA by marco2012,complete,2020-07-07 09:10:17+00:00,debra65,OperatingSystem,Notepad.exe,programClose,,,,,,,,,,,,,,,,,,,,,,,,,,,,,,,,,,,,,,,,,,
109,1970-01-01 00:00:00.000051007+00:00,4,SmartRPA by marco2012,complete,2020-07-07 09:10:24+00:00,debra65,OperatingSystem,Explorer,selectFolder,/list/behind.tiff,,,,,,,,,,,,,,,,,,,,,,,,,,,,,,,,,,,,,,,,,
110,1970-01-01 00:00:00.000051012+00:00,4,SmartRPA by marco2012,complete,2020-07-07 09:13:34+00:00,debra65,OperatingSystem,Explorer,selectFolder,/standard/toward.jpeg,,,,,,,,,,,,,,,,,,,,,,,,,,,,,,,,,,,,,,,,,
111,1970-01-01 00:00:00.000051009+00:00,4,SmartRPA by marco2012,complete,2020-07-07 09:12:01+00:00,debra65,OperatingSystem,Clipboard,paste,,,Work star condition identify indeed high.,,,,,,,,,,,,,,,,,,,,,,,,,,,,,,,,,,,,,,,
112,1970-01-01 00:00:00.000051010+00:00,4,SmartRPA by marco2012,complete,2020-07-07 09:12:37+00:00,debra65,OperatingSystem,Explorer,Unmount,/pass/cost.key,,,,,,,,,,,,,,,,,,,,,,,,,,,,,,,,,,,,,,,,,
113,1970-01-01 00:00:00.000051011+00:00,4,SmartRPA by marco2012,complete,2020-07-07 09:13:16+00:00,debra65,OperatingSystem,Explorer,selectFolder,/challenge/specific.mp4,,,,,,,,,,,,,,,,,,,,,,,,,,,,,,,,,,,,,,,,,
114,1970-01-01 00:00:00.000051008+00:00,4,SmartRPA by marco2012,complete,2020-07-07 09:11:06+00:00,debra65,OperatingSystem,Explorer,Unmount,/page/us.webm,,,,,,,,,,,,,,,,,,,,,,,,,,,,,,,,,,,,,,,,,
115,1970-01-01 00:00:00.000051001+00:00,4,SmartRPA by marco2012,complete,2020-07-07 09:07:57+00:00,debra65,OperatingSystem,Explorer,Unmount,/cost/interview.avi,,,,,,,,,,,,,,,,,,,,,,,,,,,,,,,,,,,,,,,,,
116,1970-01-01 00:00:00.000051014+00:00,4,SmartRPA by marco2012,complete,2020-07-07 09:14:28+00:00,debra65,OperatingSystem,Explorer,Unmount,/agent/explain.csv,,,,,,,,,,,,,,,,,,,,,,,,,,,,,,,,,,,,,,,,,
117,1970-01-01 00:00:00.000051015+00:00,4,SmartRPA by marco2012,complete,2020-07-07 09:15:26+00:00,debra65,OperatingSystem,Explorer,Unmount,/always/send.png,,,,,,,,,,,,,,,,,,,,,,,,,,,,,,,,,,,,,,,,,
118,1970-01-01 00:00:00.000051016+00:00,4,SmartRPA by marco2012,complete,2020-07-07 09:16:08+00:00,debra65,OperatingSystem,SublimeText,programClose,,,,,,,,,,,,,,,,,,,,,,,,,,,,,,,,,,,,,,,,,,
119,1970-01-01 00:00:00.000051017+00:00,4,SmartRPA by marco2012,complete,2020-07-07 09:16:31+00:00,debra65,OperatingSystem,Skype,programClose,,,,,,,,,,,,,,,,,,,,,,,,,,,,,,,,,,,,,,,,,,
120,1970-01-01 00:00:00.000051018+00:00,4,SmartRPA by marco2012,complete,2020-07-07 09:16:41+00:00,debra65,OperatingSystem,VisualStudioCode,programClose,,,,,,,,,,,,,,,,,,,,,,,,,,,,,,,,,,,,,,,,,,
121,1970-01-01 00:00:00.000051019+00:00,4,SmartRPA by marco2012,complete,2020-07-07 09:17:31+00:00,debra65,OperatingSystem,Explorer,selectFolder,/during/personal.flac,,,,,,,,,,,,,,,,,,,,,,,,,,,,,,,,,,,,,,,,,
122,1970-01-01 00:00:00.000001452+00:00,4,SmartRPA by marco2012,complete,2020-11-07 05:50:17+00:00,tmorris,Browser,Chrome,disableBrowserExtension,,,,,,,,,,,,,,,,,,,https://bowen-gallegos.net/,"[""fromAddressBar""]",,,,,,,,,,,,month,,,,,,,,,"id(""traditional"")","id(""traditional"")"
123,1970-01-01 00:00:00.000000322+00:00,4,SmartRPA by marco2012,complete,2020-06-05 05:40:54+00:00,mario76,Browser,Chrome,clickRadioButton,,,,,,,,,,,,,,,,,,,https://www.james.com/quickly,"[""serverRedirect"",""fromAddressBar""]",,,,,,,,,,IMG,,daughter,,since,,,,,,,"id(""chair/image[3]"")","id(""chair/image[3]"")"
124,1970-01-01 00:00:00.000000430+00:00,4,SmartRPA by marco2012,complete,2020-06-21 10:04:17+00:00,hendersonmary,Browser,Chrome,installBrowserExtension,,,,,,,,,,,,,,,,,,,https://sandoval-elliott.com/,[],,,,,,,,,,A,,public,,everybody,,,,,,,"id(""hope"")","id(""hope"")"
125,1970-01-01 00:00:00.000011397+00:00,5,SmartRPA by marco2012,complete,2020-02-29 10:11:37+00:00,crosbyrobin,Browser,Chrome,removeBookmark,,,,,,,,,,,,,,,,,,,https://bowen-gallegos.net/,[],,,,,,,,,,INPUT,text,our,,,,,,,,,"id(""month/button[0]/section[3]"")","id(""month/button[0]/section[3]"")"
126,1970-01-01 00:00:00.000003118+00:00,5,SmartRPA by marco2012,complete,2020-09-05 22:19:55+00:00,omiller,OperatingSystem,Explorer,moved,/family/ok.doc,/anything/clearly.key,,,,,,,,,,,,,,,,,,,,,,,,,,,,,,,,,,,,,,,,
127,1970-01-01 00:00:00.000051+00:00,5,SmartRPA by marco2012,complete,2020-07-07 09:07:00+00:00,debra65,OperatingSystem,Explorer,Unmount,/dark/total.wav,,,,,,,,,,,,,,,,,,,,,,,,,,,,,,,,,,,,,,,,,
128,1970-01-01 00:00:00.000051001+00:00,5,SmartRPA by marco2012,complete,2020-07-07 09:07:57+00:00,debra65,OperatingSystem,Explorer,Unmount,/cost/interview.avi,,,,,,,,,,,,,,,,,,,,,,,,,,,,,,,,,,,,,,,,,
129,1970-01-01 00:00:00.000051002+00:00,5,SmartRPA by marco2012,complete,2020-07-07 09:08:20+00:00,debra65,OperatingSystem,Clipboard,paste,,,Soldier trial court away page.,,,,,,,,,,,,,,,,,,,,,,,,,,,,,,,,,,,,,,,
130,1970-01-01 00:00:00.000051003+00:00,5,SmartRPA by marco2012,complete,2020-07-07 09:08:38+00:00,debra65,OperatingSystem,Explorer,selectFolder,/up/level.webm,,,,,,,,,,,,,,,,,,,,,,,,,,,,,,,,,,,,,,,,,
131,1970-01-01 00:00:00.000051004+00:00,5,SmartRPA by marco2012,complete,2020-07-07 09:08:58+00:00,debra65,OperatingSystem,Clipboard,paste,,,War product current week kitchen.,,,,,,,,,,,,,,,,,,,,,,,,,,,,,,,,,,,,,,,
132,1970-01-01 00:00:00.000051005+00:00,5,SmartRPA by marco2012,complete,2020-07-07 09:09:39+00:00,debra65,OperatingSystem,Explorer,selectFolder,/always/send.png,,,,,,,,,,,,,,,,,,,,,,,,,,,,,,,,,,,,,,,,,
133,1970-01-01 00:00:00.000051006+00:00,5,SmartRPA by marco2012,complete,2020-07-07 09:10:17+00:00,debra65,OperatingSystem,Notepad.exe,programClose,,,,,,,,,,,,,,,,,,,,,,,,,,,,,,,,,,,,,,,,,,
134,1970-01-01 00:00:00.000051007+00:00,5,SmartRPA by marco2012,complete,2020-07-07 09:10:24+00:00,debra65,OperatingSystem,Explorer,selectFolder,/list/behind.tiff,,,,,,,,,,,,,,,,,,,,,,,,,,,,,,,,,,,,,,,,,
135,1970-01-01 00:00:00.000051008+00:00,5,SmartRPA by marco2012,complete,2020-07-07 09:11:06+00:00,debra65,OperatingSystem,Explorer,Unmount,/page/us.webm,,,,,,,,,,,,,,,,,,,,,,,,,,,,,,,,,,,,,,,,,
136,1970-01-01 00:00:00.000051009+00:00,5,SmartRPA by marco2012,complete,2020-07-07 09:12:01+00:00,debra65,OperatingSystem,Clipboard,paste,,,Work star condition identify indeed high.,,,,,,,,,,,,,,,,,,,,,,,,,,,,,,,,,,,,,,,
137,1970-01-01 00:00:00.000051010+00:00,5,SmartRPA by marco2012,complete,2020-07-07 09:12:37+00:00,debra65,OperatingSystem,Explorer,Unmount,/pass/cost.key,,,,,,,,,,,,,,,,,,,,,,,,,,,,,,,,,,,,,,,,,
138,1970-01-01 00:00:00.000051011+00:00,5,SmartRPA by marco2012,complete,2020-07-07 09:13:16+00:00,debra65,OperatingSystem,Explorer,selectFolder,/challenge/specific.mp4,,,,,,,,,,,,,,,,,,,,,,,,,,,,,,,,,,,,,,,,,
139,1970-01-01 00:00:00.000051012+00:00,5,SmartRPA by marco2012,complete,2020-07-07 09:13:34+00:00,debra65,OperatingSystem,Explorer,selectFolder,/standard/toward.jpeg,,,,,,,,,,,,,,,,,,,,,,,,,,,,,,,,,,,,,,,,,
140,1970-01-01 00:00:00.000051019+00:00,5,SmartRPA by marco2012,complete,2020-07-07 09:17:31+00:00,debra65,OperatingSystem,Explorer,selectFolder,/during/personal.flac,,,,,,,,,,,,,,,,,,,,,,,,,,,,,,,,,,,,,,,,,
141,1970-01-01 00:00:00.000051013+00:00,5,SmartRPA by marco2012,complete,2020-07-07 09:13:58+00:00,debra65,OperatingSystem,Clipboard,paste,,,Alone industry value campaign better.,,,,,,,,,,,,,,,,,,,,,,,,,,,,,,,,,,,,,,,
142,1970-01-01 00:00:00.000051015+00:00,5,SmartRPA by marco2012,complete,2020-07-07 09:15:26+00:00,debra65,OperatingSystem,Explorer,Unmount,/always/send.png,,,,,,,,,,,,,,,,,,,,,,,,,,,,,,,,,,,,,,,,,
143,1970-01-01 00:00:00.000051016+00:00,5,SmartRPA by marco2012,complete,2020-07-07 09:16:08+00:00,debra65,OperatingSystem,SublimeText,programClose,,,,,,,,,,,,,,,,,,,,,,,,,,,,,,,,,,,,,,,,,,
144,1970-01-01 00:00:00.000051017+00:00,5,SmartRPA by marco2012,complete,2020-07-07 09:16:31+00:00,debra65,OperatingSystem,Skype,programClose,,,,,,,,,,,,,,,,,,,,,,,,,,,,,,,,,,,,,,,,,,
145,1970-01-01 00:00:00.000051018+00:00,5,SmartRPA by marco2012,complete,2020-07-07 09:16:41+00:00,debra65,OperatingSystem,VisualStudioCode,programClose,,,,,,,,,,,,,,,,,,,,,,,,,,,,,,,,,,,,,,,,,,
146,1970-01-01 00:00:00.000051014+00:00,5,SmartRPA by marco2012,complete,2020-07-07 09:14:28+00:00,debra65,OperatingSystem,Explorer,Unmount,/agent/explain.csv,,,,,,,,,,,,,,,,,,,,,,,,,,,,,,,,,,,,,,,,,
147,1970-01-01 00:00:00.000004231+00:00,5,SmartRPA by marco2012,complete,2020-04-21 10:05:44+00:00,ncasey,Browser,Chrome,cancelDialog,,,,,,,,,,,,,,,,input_text,,,http://hernandez-griffin.net/change,[],,,,,,,,,,INPUT,text,defense,,style,,,,,,,"id(""leader"")","id(""leader"")"
148,1970-01-01 00:00:00.000004321+00:00,5,SmartRPA by marco2012,complete,2020-06-05 22:58:57+00:00,kathylynn,Browser,Chrome,detachTab,,,,,,,,,,,,,,,,,,,http://delgado.com/,[],,,,,,,,,,,,so,,,,,,,,,"id(""news/url[1]"")","id(""news/url[1]"")"
149,1970-01-01 00:00:00.000043281+00:00,5,SmartRPA by marco2012,complete,2020-02-08 17:38:01+00:00,amberwhite,Browser,Chrome,closeTab,,,,,,,,,,,,,,,,,,,http://bailey-davis.biz/,[],,,,,,,,,,,,trade,,security,,,,,,,"id(""trial"")","id(""trial"")"
150,1970-01-01 00:00:00.000003905+00:00,6,SmartRPA by marco2012,complete,2020-07-05 20:55:17+00:00,shannonscott,Browser,Chrome,clickButton,,,,,,,,,,,,,,,,,,,https://larson.com/,"[""fromAddressBar""]",,,,,,,,,,,,trial,,provide,,,,,,,"id(""provide/body[4]/a[1]"")","id(""provide/body[4]/a[1]"")"
151,1970-01-01 00:00:00.000051+00:00,6,SmartRPA by marco2012,complete,2020-07-07 09:07:00+00:00,debra65,OperatingSystem,Explorer,Unmount,/dark/total.wav,,,,,,,,,,,,,,,,,,,,,,,,,,,,,,,,,,,,,,,,,
152,1970-01-01 00:00:00.000051001+00:00,6,SmartRPA by marco2012,complete,2020-07-07 09:07:57+00:00,debra65,OperatingSystem,Explorer,Unmount,/cost/interview.avi,,,,,,,,,,,,,,,,,,,,,,,,,,,,,,,,,,,,,,,,,
153,1970-01-01 00:00:00.000051002+00:00,6,SmartRPA by marco2012,complete,2020-07-07 09:08:20+00:00,debra65,OperatingSystem,Clipboard,paste,,,Soldier trial court away page.,,,,,,,,,,,,,,,,,,,,,,,,,,,,,,,,,,,,,,,
154,1970-01-01 00:00:00.000051003+00:00,6,SmartRPA by marco2012,complete,2020-07-07 09:08:38+00:00,debra65,OperatingSystem,Explorer,selectFolder,/up/level.webm,,,,,,,,,,,,,,,,,,,,,,,,,,,,,,,,,,,,,,,,,
155,1970-01-01 00:00:00.000051004+00:00,6,SmartRPA by marco2012,complete,2020-07-07 09:08:58+00:00,debra65,OperatingSystem,Clipboard,paste,,,War product current week kitchen.,,,,,,,,,,,,,,,,,,,,,,,,,,,,,,,,,,,,,,,
156,1970-01-01 00:00:00.000051005+00:00,6,SmartRPA by marco2012,complete,2020-07-07 09:09:39+00:00,debra65,OperatingSystem,Explorer,selectFolder,/always/send.png,,,,,,,,,,,,,,,,,,,,,,,,,,,,,,,,,,,,,,,,,
157,1970-01-01 00:00:00.000051011+00:00,6,SmartRPA by marco2012,complete,2020-07-07 09:13:16+00:00,debra65,OperatingSystem,Explorer,selectFolder,/challenge/specific.mp4,,,,,,,,,,,,,,,,,,,,,,,,,,,,,,,,,,,,,,,,,
158,1970-01-01 00:00:00.000051007+00:00,6,SmartRPA by marco2012,complete,2020-07-07 09:10:24+00:00,debra65,OperatingSystem,Explorer,selectFolder,/list/behind.tiff,,,,,,,,,,,,,,,,,,,,,,,,,,,,,,,,,,,,,,,,,
159,1970-01-01 00:00:00.000051008+00:00,6,SmartRPA by marco2012,complete,2020-07-07 09:11:06+00:00,debra65,OperatingSystem,Explorer,Unmount,/page/us.webm,,,,,,,,,,,,,,,,,,,,,,,,,,,,,,,,,,,,,,,,,
160,1970-01-01 00:00:00.000051009+00:00,6,SmartRPA by marco2012,complete,2020-07-07 09:12:01+00:00,debra65,OperatingSystem,Clipboard,paste,,,Work star condition identify indeed high.,,,,,,,,,,,,,,,,,,,,,,,,,,,,,,,,,,,,,,,
161,1970-01-01 00:00:00.000051010+00:00,6,SmartRPA by marco2012,complete,2020-07-07 09:12:37+00:00,debra65,OperatingSystem,Explorer,Unmount,/pass/cost.key,,,,,,,,,,,,,,,,,,,,,,,,,,,,,,,,,,,,,,,,,
162,1970-01-01 00:00:00.000051006+00:00,6,SmartRPA by marco2012,complete,2020-07-07 09:10:17+00:00,debra65,OperatingSystem,Notepad.exe,programClose,,,,,,,,,,,,,,,,,,,,,,,,,,,,,,,,,,,,,,,,,,
163,1970-01-01 00:00:00.000051019+00:00,6,SmartRPA by marco2012,complete,2020-07-07 09:17:31+00:00,debra65,OperatingSystem,Explorer,selectFolder,/during/personal.flac,,,,,,,,,,,,,,,,,,,,,,,,,,,,,,,,,,,,,,,,,
164,1970-01-01 00:00:00.000051013+00:00,6,SmartRPA by marco2012,complete,2020-07-07 09:13:58+00:00,debra65,OperatingSystem,Clipboard,paste,,,Alone industry value campaign better.,,,,,,,,,,,,,,,,,,,,,,,,,,,,,,,,,,,,,,,
165,1970-01-01 00:00:00.000051014+00:00,6,SmartRPA by marco2012,complete,2020-07-07 09:14:28+00:00,debra65,OperatingSystem,Explorer,Unmount,/agent/explain.csv,,,,,,,,,,,,,,,,,,,,,,,,,,,,,,,,,,,,,,,,,
166,1970-01-01 00:00:00.000051015+00:00,6,SmartRPA by marco2012,complete,2020-07-07 09:15:26+00:00,debra65,OperatingSystem,Explorer,Unmount,/always/send.png,,,,,,,,,,,,,,,,,,,,,,,,,,,,,,,,,,,,,,,,,
167,1970-01-01 00:00:00.000051016+00:00,6,SmartRPA by marco2012,complete,2020-07-07 09:16:08+00:00,debra65,OperatingSystem,SublimeText,programClose,,,,,,,,,,,,,,,,,,,,,,,,,,,,,,,,,,,,,,,,,,
168,1970-01-01 00:00:00.000051017+00:00,6,SmartRPA by marco2012,complete,2020-07-07 09:16:31+00:00,debra65,OperatingSystem,Skype,programClose,,,,,,,,,,,,,,,,,,,,,,,,,,,,,,,,,,,,,,,,,,
169,1970-01-01 00:00:00.000051018+00:00,6,SmartRPA by marco2012,complete,2020-07-07 09:16:41+00:00,debra65,OperatingSystem,VisualStudioCode,programClose,,,,,,,,,,,,,,,,,,,,,,,,,,,,,,,,,,,,,,,,,,
170,1970-01-01 00:00:00.000051012+00:00,6,SmartRPA by marco2012,complete,2020-07-07 09:13:34+00:00,debra65,OperatingSystem,Explorer,selectFolder,/standard/toward.jpeg,,,,,,,,,,,,,,,,,,,,,,,,,,,,,,,,,,,,,,,,,
171,1970-01-01 00:00:00.000001025+00:00,6,SmartRPA by marco2012,complete,2020-02-09 02:48:01+00:00,farmerdaniel,MicrosoftOffice,Microsoft PowerPoint,clickNextSlideshow,/hear/example.pptx,,,,,,,,,,,,"0, 1, 2, 3, 4",,,,,,,,,,,,,,,,,,,,,,,,,,,,,
172,1970-01-01 00:00:00.000021835+00:00,6,SmartRPA by marco2012,complete,2020-01-14 01:35:59+00:00,kelly42,Browser,Chrome,contextMenu,,,,,,,,,,,,,,,,,,,http://bailey-davis.biz/dinner,"[""serverRedirect"",""fromAddressBar""]",,,,,,,,,,BUTTON,submit,trade,,environmental,,,,,,,"id(""environmental/section[1]"")","id(""environmental/section[1]"")"
173,1970-01-01 00:00:00.000003329+00:00,6,SmartRPA by marco2012,complete,2020-10-02 14:01:35+00:00,joseph33,Browser,Chrome,newWindow,,,,,,,,,,,,,,,,,,,http://www.knight.com/environmental,[],,,,,,,,,,,,amount,,amount,,,,,,,"id(""cup/section[1]"")","id(""cup/section[1]"")"
174,1970-01-01 00:00:00.000006826+00:00,6,SmartRPA by marco2012,complete,2020-06-26 11:12:18+00:00,kirkkelly,Browser,Chrome,removeBookmark,,,,,,,,,,,,,,,,,,,http://reyes.org/,"[""serverRedirect""]",,,,,,,,,,,,including,,False,,,,,,,"id(""environmental/section[1]"")","id(""environmental/section[1]"")"
175,1970-01-01 00:00:00.000037205+00:00,7,SmartRPA by marco2012,complete,2020-05-18 06:37:08+00:00,troylivingston,Browser,Chrome,modifyBookmark,,,,,,,,,,,,,,,,,,,https://gonzalez.com/truth,"[""fromAddressBar""]",,,,,,,,,,,,fund,,True,,,,,,,"id(""environmental/section[1]"")","id(""environmental/section[1]"")"
176,1970-01-01 00:00:00.000001985+00:00,7,SmartRPA by marco2012,complete,2020-06-05 03:16:55+00:00,lozanoamanda,MicrosoftOffice,Microsoft Word,openDocument,/third/collection.js,,,,,,,,,,,,,,,,environmental,,,,,,,,,,,,,,,,,,,,,,,,,
177,1970-01-01 00:00:00.000051019+00:00,7,SmartRPA by marco2012,complete,2020-07-07 09:17:31+00:00,debra65,OperatingSystem,Explorer,selectFolder,/during/personal.flac,,,,,,,,,,,,,,,,,,,,,,,,,,,,,,,,,,,,,,,,,
178,1970-01-01 00:00:00.000051001+00:00,7,SmartRPA by marco2012,complete,2020-07-07 09:07:57+00:00,debra65,OperatingSystem,Explorer,Unmount,/cost/interview.avi,,,,,,,,,,,,,,,,,,,,,,,,,,,,,,,,,,,,,,,,,
179,1970-01-01 00:00:00.000051002+00:00,7,SmartRPA by marco2012,complete,2020-07-07 09:08:20+00:00,debra65,OperatingSystem,Clipboard,paste,,,Soldier trial court away page.,,,,,,,,,,,,,,,,,,,,,,,,,,,,,,,,,,,,,,,
180,1970-01-01 00:00:00.000051003+00:00,7,SmartRPA by marco2012,complete,2020-07-07 09:08:38+00:00,debra65,OperatingSystem,Explorer,selectFolder,/up/level.webm,,,,,,,,,,,,,,,,,,,,,,,,,,,,,,,,,,,,,,,,,
181,1970-01-01 00:00:00.000051004+00:00,7,SmartRPA by marco2012,complete,2020-07-07 09:08:58+00:00,debra65,OperatingSystem,Clipboard,paste,,,War product current week kitchen.,,,,,,,,,,,,,,,,,,,,,,,,,,,,,,,,,,,,,,,
182,1970-01-01 00:00:00.000051005+00:00,7,SmartRPA by marco2012,complete,2020-07-07 09:09:39+00:00,debra65,OperatingSystem,Explorer,selectFolder,/always/send.png,,,,,,,,,,,,,,,,,,,,,,,,,,,,,,,,,,,,,,,,,
183,1970-01-01 00:00:00.000051006+00:00,7,SmartRPA by marco2012,complete,2020-07-07 09:10:17+00:00,debra65,OperatingSystem,Notepad.exe,programClose,,,,,,,,,,,,,,,,,,,,,,,,,,,,,,,,,,,,,,,,,,
184,1970-01-01 00:00:00.000051007+00:00,7,SmartRPA by marco2012,complete,2020-07-07 09:10:24+00:00,debra65,OperatingSystem,Explorer,selectFolder,/list/behind.tiff,,,,,,,,,,,,,,,,,,,,,,,,,,,,,,,,,,,,,,,,,
185,1970-01-01 00:00:00.000051008+00:00,7,SmartRPA by marco2012,complete,2020-07-07 09:11:06+00:00,debra65,OperatingSystem,Explorer,Unmount,/page/us.webm,,,,,,,,,,,,,,,,,,,,,,,,,,,,,,,,,,,,,,,,,
186,1970-01-01 00:00:00.000051018+00:00,7,SmartRPA by marco2012,complete,2020-07-07 09:16:41+00:00,debra65,OperatingSystem,VisualStudioCode,programClose,,,,,,,,,,,,,,,,,,,,,,,,,,,,,,,,,,,,,,,,,,
187,1970-01-01 00:00:00.000051010+00:00,7,SmartRPA by marco2012,complete,2020-07-07 09:12:37+00:00,debra65,OperatingSystem,Explorer,Unmount,/pass/cost.key,,,,,,,,,,,,,,,,,,,,,,,,,,,,,,,,,,,,,,,,,
188,1970-01-01 00:00:00.000051011+00:00,7,SmartRPA by marco2012,complete,2020-07-07 09:13:16+00:00,debra65,OperatingSystem,Explorer,selectFolder,/challenge/specific.mp4,,,,,,,,,,,,,,,,,,,,,,,,,,,,,,,,,,,,,,,,,
189,1970-01-01 00:00:00.000051012+00:00,7,SmartRPA by marco2012,complete,2020-07-07 09:13:34+00:00,debra65,OperatingSystem,Explorer,selectFolder,/standard/toward.jpeg,,,,,,,,,,,,,,,,,,,,,,,,,,,,,,,,,,,,,,,,,
190,1970-01-01 00:00:00.000051013+00:00,7,SmartRPA by marco2012,complete,2020-07-07 09:13:58+00:00,debra65,OperatingSystem,Clipboard,paste,,,Alone industry value campaign better.,,,,,,,,,,,,,,,,,,,,,,,,,,,,,,,,,,,,,,,
191,1970-01-01 00:00:00.000051014+00:00,7,SmartRPA by marco2012,complete,2020-07-07 09:14:28+00:00,debra65,OperatingSystem,Explorer,Unmount,/agent/explain.csv,,,,,,,,,,,,,,,,,,,,,,,,,,,,,,,,,,,,,,,,,
192,1970-01-01 00:00:00.000051015+00:00,7,SmartRPA by marco2012,complete,2020-07-07 09:15:26+00:00,debra65,OperatingSystem,Explorer,Unmount,/always/send.png,,,,,,,,,,,,,,,,,,,,,,,,,,,,,,,,,,,,,,,,,
193,1970-01-01 00:00:00.000051016+00:00,7,SmartRPA by marco2012,complete,2020-07-07 09:16:08+00:00,debra65,OperatingSystem,SublimeText,programClose,,,,,,,,,,,,,,,,,,,,,,,,,,,,,,,,,,,,,,,,,,
194,1970-01-01 00:00:00.000051017+00:00,7,SmartRPA by marco2012,complete,2020-07-07 09:16:31+00:00,debra65,OperatingSystem,Skype,programClose,,,,,,,,,,,,,,,,,,,,,,,,,,,,,,,,,,,,,,,,,,
195,1970-01-01 00:00:00.000051009+00:00,7,SmartRPA by marco2012,complete,2020-07-07 09:12:01+00:00,debra65,OperatingSystem,Clipboard,paste,,,Work star condition identify indeed high.,,,,,,,,,,,,,,,,,,,,,,,,,,,,,,,,,,,,,,,
196,1970-01-01 00:00:00.000051+00:00,7,SmartRPA by marco2012,complete,2020-07-07 09:07:00+00:00,debra65,OperatingSystem,Explorer,Unmount,/dark/total.wav,,,,,,,,,,,,,,,,,,,,,,,,,,,,,,,,,,,,,,,,,
197,1970-01-01 00:00:00.000000130+00:00,7,SmartRPA by marco2012,complete,2020-08-10 18:01:02+00:00,enorton,Browser,Chrome,closeTab,,,,,,,,,,,,,,,,,,,https://harris-johnston.net/compare,"[""serverRedirect"",""fromAddressBar""]",,,,,,,,,,,,compare,,marriage,,,,,,,"id(""up/button[2]/button[0]"")","id(""up/button[2]/button[0]"")"
198,1970-01-01 00:00:00.000015137+00:00,7,SmartRPA by marco2012,complete,2020-06-11 00:47:36+00:00,cooperrobert,Browser,Chrome,form_submit,,,,,,,,,,,,,,,,,,,http://mcdonald.com/century,"[""serverRedirect"",""fromAddressBar""]",,,,,,,,,,A,,half,,month,,,,,,,"id(""hand/div[2]"")","id(""hand/div[2]"")"
199,1970-01-01 00:00:00.000004366+00:00,7,SmartRPA by marco2012,complete,2020-04-23 10:20:07+00:00,shannon62,Browser,Chrome,audibleTab,,,,,,,,,,,,,,,,,,,https://lopez.com/building,"[""serverRedirect""]",,,,,,,,,,,,half,,traditional,,,,,,,"id(""month/button[0]/section[3]"")","id(""month/button[0]/section[3]"")"
200,1970-01-01 00:00:00.000004136+00:00,8,SmartRPA by marco2012,complete,2020-02-15 03:29:53+00:00,colebradley,Browser,Chrome,uninstallBrowserExtension,,,,,,,,,,,,,,,,,,,https://www.smith.biz/,"[""serverRedirect""]",,,,,,,,,,,,must,,ask,,,,,,,"id(""public/html[1]/url[0]"")","id(""public/html[1]/url[0]"")"
201,1970-01-01 00:00:00.000001509+00:00,8,SmartRPA by marco2012,complete,2020-10-27 05:20:13+00:00,cmatthews,MicrosoftOffice,Microsoft Word,changeDocument,/goal/town.avi,,,,,,,,,,,,,,,,just,,,,,,,,,,,,,,,,,,,,,,,,,
202,1970-01-01 00:00:00.000051+00:00,8,SmartRPA by marco2012,complete,2020-07-07 09:07:00+00:00,debra65,OperatingSystem,Explorer,Unmount,/dark/total.wav,,,,,,,,,,,,,,,,,,,,,,,,,,,,,,,,,,,,,,,,,
203,1970-01-01 00:00:00.000051001+00:00,8,SmartRPA by marco2012,complete,2020-07-07 09:07:57+00:00,debra65,OperatingSystem,Explorer,Unmount,/cost/interview.avi,,,,,,,,,,,,,,,,,,,,,,,,,,,,,,,,,,,,,,,,,
204,1970-01-01 00:00:00.000051011+00:00,8,SmartRPA by marco2012,complete,2020-07-07 09:13:16+00:00,debra65,OperatingSystem,Explorer,selectFolder,/challenge/specific.mp4,,,,,,,,,,,,,,,,,,,,,,,,,,,,,,,,,,,,,,,,,
205,1970-01-01 00:00:00.000051003+00:00,8,SmartRPA by marco2012,complete,2020-07-07 09:08:38+00:00,debra65,OperatingSystem,Explorer,selectFolder,/up/level.webm,,,,,,,,,,,,,,,,,,,,,,,,,,,,,,,,,,,,,,,,,
206,1970-01-01 00:00:00.000051004+00:00,8,SmartRPA by marco2012,complete,2020-07-07 09:08:58+00:00,debra65,OperatingSystem,Clipboard,paste,,,War product current week kitchen.,,,,,,,,,,,,,,,,,,,,,,,,,,,,,,,,,,,,,,,
207,1970-01-01 00:00:00.000051005+00:00,8,SmartRPA by marco2012,complete,2020-07-07 09:09:39+00:00,debra65,OperatingSystem,Explorer,selectFolder,/always/send.png,,,,,,,,,,,,,,,,,,,,,,,,,,,,,,,,,,,,,,,,,
208,1970-01-01 00:00:00.000051006+00:00,8,SmartRPA by marco2012,complete,2020-07-07 09:10:17+00:00,debra65,OperatingSystem,Notepad.exe,programClose,,,,,,,,,,,,,,,,,,,,,,,,,,,,,,,,,,,,,,,,,,
209,1970-01-01 00:00:00.000051007+00:00,8,SmartRPA by marco2012,complete,2020-07-07 09:10:24+00:00,debra65,OperatingSystem,Explorer,selectFolder,/list/behind.tiff,,,,,,,,,,,,,,,,,,,,,,,,,,,,,,,,,,,,,,,,,
210,1970-01-01 00:00:00.000051008+00:00,8,SmartRPA by marco2012,complete,2020-07-07 09:11:06+00:00,debra65,OperatingSystem,Explorer,Unmount,/page/us.webm,,,,,,,,,,,,,,,,,,,,,,,,,,,,,,,,,,,,,,,,,
211,1970-01-01 00:00:00.000051009+00:00,8,SmartRPA by marco2012,complete,2020-07-07 09:12:01+00:00,debra65,OperatingSystem,Clipboard,paste,,,Work star condition identify indeed high.,,,,,,,,,,,,,,,,,,,,,,,,,,,,,,,,,,,,,,,
212,1970-01-01 00:00:00.000051012+00:00,8,SmartRPA by marco2012,complete,2020-07-07 09:13:34+00:00,debra65,OperatingSystem,Explorer,selectFolder,/standard/toward.jpeg,,,,,,,,,,,,,,,,,,,,,,,,,,,,,,,,,,,,,,,,,
213,1970-01-01 00:00:00.000051002+00:00,8,SmartRPA by marco2012,complete,2020-07-07 09:08:20+00:00,debra65,OperatingSystem,Clipboard,paste,,,Soldier trial court away page.,,,,,,,,,,,,,,,,,,,,,,,,,,,,,,,,,,,,,,,
214,1970-01-01 00:00:00.000051010+00:00,8,SmartRPA by marco2012,complete,2020-07-07 09:12:37+00:00,debra65,OperatingSystem,Explorer,Unmount,/pass/cost.key,,,,,,,,,,,,,,,,,,,,,,,,,,,,,,,,,,,,,,,,,
215,1970-01-01 00:00:00.000051013+00:00,8,SmartRPA by marco2012,complete,2020-07-07 09:13:58+00:00,debra65,OperatingSystem,Clipboard,paste,,,Alone industry value campaign better.,,,,,,,,,,,,,,,,,,,,,,,,,,,,,,,,,,,,,,,
216,1970-01-01 00:00:00.000051014+00:00,8,SmartRPA by marco2012,complete,2020-07-07 09:14:28+00:00,debra65,OperatingSystem,Explorer,Unmount,/agent/explain.csv,,,,,,,,,,,,,,,,,,,,,,,,,,,,,,,,,,,,,,,,,
217,1970-01-01 00:00:00.000051015+00:00,8,SmartRPA by marco2012,complete,2020-07-07 09:15:26+00:00,debra65,OperatingSystem,Explorer,Unmount,/always/send.png,,,,,,,,,,,,,,,,,,,,,,,,,,,,,,,,,,,,,,,,,
218,1970-01-01 00:00:00.000051016+00:00,8,SmartRPA by marco2012,complete,2020-07-07 09:16:08+00:00,debra65,OperatingSystem,SublimeText,programClose,,,,,,,,,,,,,,,,,,,,,,,,,,,,,,,,,,,,,,,,,,
219,1970-01-01 00:00:00.000051017+00:00,8,SmartRPA by marco2012,complete,2020-07-07 09:16:31+00:00,debra65,OperatingSystem,Skype,programClose,,,,,,,,,,,,,,,,,,,,,,,,,,,,,,,,,,,,,,,,,,
220,1970-01-01 00:00:00.000051018+00:00,8,SmartRPA by marco2012,complete,2020-07-07 09:16:41+00:00,debra65,OperatingSystem,VisualStudioCode,programClose,,,,,,,,,,,,,,,,,,,,,,,,,,,,,,,,,,,,,,,,,,
221,1970-01-01 00:00:00.000051019+00:00,8,SmartRPA by marco2012,complete,2020-07-07 09:17:31+00:00,debra65,OperatingSystem,Explorer,selectFolder,/during/personal.flac,,,,,,,,,,,,,,,,,,,,,,,,,,,,,,,,,,,,,,,,,
222,1970-01-01 00:00:00.000015839+00:00,8,SmartRPA by marco2012,complete,2020-04-22 21:38:23+00:00,stephaniephillips,Browser,Chrome,disableBrowserExtension,,,,,,,,,,,,,,,,click_btn,,,https://gonzalez.com/,"[""serverRedirect"",""fromAddressBar""]",,,,,,,,,,,,ok,,,,,,,,,"id(""trial"")","id(""trial"")"
223,1970-01-01 00:00:00.000002635+00:00,8,SmartRPA by marco2012,complete,2020-03-24 11:59:13+00:00,ohorton,Browser,Chrome,submit,,,,,,,,,,,,,,,,check_link,,,https://cook.org/expect,[],,,,,,,,,,A,,food,,reason,,,,,,,"id(""leader"")","id(""leader"")"
224,1970-01-01 00:00:00.000038336+00:00,8,SmartRPA by marco2012,complete,2020-11-03 05:12:42+00:00,taylor50,Browser,Chrome,fullscreen,,,,,,,,,,,,,,,,click_btn,,,https://larson.com/,[],,,,,,,,,,BUTTON,submit,perform,,environmental,,,,,,,"id(""environmental/section[1]"")","id(""environmental/section[1]"")"
225,1970-01-01 00:00:00.000027614+00:00,9,SmartRPA by marco2012,complete,2020-03-10 13:28:02+00:00,antoniocannon,Browser,Chrome,removeBookmark,,,,,,,,,,,,,,,,,,,https://www.everett-glover.com/know,[],,,,,,,,,,BUTTON,submit,nor,,organization,,,,,,,"id(""environmental/section[1]"")","id(""environmental/section[1]"")"
226,1970-01-01 00:00:00.000003914+00:00,9,SmartRPA by marco2012,complete,2020-02-12 09:14:24+00:00,cynthia69,OperatingSystem,Explorer,openFile,/last/discussion.flac,,,,,,,,,,,,,,,,,,,,,,,,,,,,,,,,,,,,,,,,,
227,1970-01-01 00:00:00.000051002+00:00,9,SmartRPA by marco2012,complete,2020-07-07 09:08:20+00:00,debra65,OperatingSystem,Clipboard,paste,,,Soldier trial court away page.,,,,,,,,,,,,,,,,,,,,,,,,,,,,,,,,,,,,,,,
228,1970-01-01 00:00:00.000051001+00:00,9,SmartRPA by marco2012,complete,2020-07-07 09:07:57+00:00,debra65,OperatingSystem,Explorer,Unmount,/cost/interview.avi,,,,,,,,,,,,,,,,,,,,,,,,,,,,,,,,,,,,,,,,,
229,1970-01-01 00:00:00.000051007+00:00,9,SmartRPA by marco2012,complete,2020-07-07 09:10:24+00:00,debra65,OperatingSystem,Explorer,selectFolder,/list/behind.tiff,,,,,,,,,,,,,,,,,,,,,,,,,,,,,,,,,,,,,,,,,
230,1970-01-01 00:00:00.000051003+00:00,9,SmartRPA by marco2012,complete,2020-07-07 09:08:38+00:00,debra65,OperatingSystem,Explorer,selectFolder,/up/level.webm,,,,,,,,,,,,,,,,,,,,,,,,,,,,,,,,,,,,,,,,,
231,1970-01-01 00:00:00.000051004+00:00,9,SmartRPA by marco2012,complete,2020-07-07 09:08:58+00:00,debra65,OperatingSystem,Clipboard,paste,,,War product current week kitchen.,,,,,,,,,,,,,,,,,,,,,,,,,,,,,,,,,,,,,,,
232,1970-01-01 00:00:00.000051005+00:00,9,SmartRPA by marco2012,complete,2020-07-07 09:09:39+00:00,debra65,OperatingSystem,Explorer,selectFolder,/always/send.png,,,,,,,,,,,,,,,,,,,,,,,,,,,,,,,,,,,,,,,,,
233,1970-01-01 00:00:00.000051006+00:00,9,SmartRPA by marco2012,complete,2020-07-07 09:10:17+00:00,debra65,OperatingSystem,Notepad.exe,programClose,,,,,,,,,,,,,,,,,,,,,,,,,,,,,,,,,,,,,,,,,,
234,1970-01-01 00:00:00.000051+00:00,9,SmartRPA by marco2012,complete,2020-07-07 09:07:00+00:00,debra65,OperatingSystem,Explorer,Unmount,/dark/total.wav,,,,,,,,,,,,,,,,,,,,,,,,,,,,,,,,,,,,,,,,,
235,1970-01-01 00:00:00.000051008+00:00,9,SmartRPA by marco2012,complete,2020-07-07 09:11:06+00:00,debra65,OperatingSystem,Explorer,Unmount,/page/us.webm,,,,,,,,,,,,,,,,,,,,,,,,,,,,,,,,,,,,,,,,,
236,1970-01-01 00:00:00.000051009+00:00,9,SmartRPA by marco2012,complete,2020-07-07 09:12:01+00:00,debra65,OperatingSystem,Clipboard,paste,,,Work star condition identify indeed high.,,,,,,,,,,,,,,,,,,,,,,,,,,,,,,,,,,,,,,,
237,1970-01-01 00:00:00.000051010+00:00,9,SmartRPA by marco2012,complete,2020-07-07 09:12:37+00:00,debra65,OperatingSystem,Explorer,Unmount,/pass/cost.key,,,,,,,,,,,,,,,,,,,,,,,,,,,,,,,,,,,,,,,,,
238,1970-01-01 00:00:00.000051011+00:00,9,SmartRPA by marco2012,complete,2020-07-07 09:13:16+00:00,debra65,OperatingSystem,Explorer,selectFolder,/challenge/specific.mp4,,,,,,,,,,,,,,,,,,,,,,,,,,,,,,,,,,,,,,,,,
239,1970-01-01 00:00:00.000051012+00:00,9,SmartRPA by marco2012,complete,2020-07-07 09:13:34+00:00,debra65,OperatingSystem,Explorer,selectFolder,/standard/toward.jpeg,,,,,,,,,,,,,,,,,,,,,,,,,,,,,,,,,,,,,,,,,
240,1970-01-01 00:00:00.000051013+00:00,9,SmartRPA by marco2012,complete,2020-07-07 09:13:58+00:00,debra65,OperatingSystem,Clipboard,paste,,,Alone industry value campaign better.,,,,,,,,,,,,,,,,,,,,,,,,,,,,,,,,,,,,,,,
241,1970-01-01 00:00:00.000051014+00:00,9,SmartRPA by marco2012,complete,2020-07-07 09:14:28+00:00,debra65,OperatingSystem,Explorer,Unmount,/agent/explain.csv,,,,,,,,,,,,,,,,,,,,,,,,,,,,,,,,,,,,,,,,,
242,1970-01-01 00:00:00.000051015+00:00,9,SmartRPA by marco2012,complete,2020-07-07 09:15:26+00:00,debra65,OperatingSystem,Explorer,Unmount,/always/send.png,,,,,,,,,,,,,,,,,,,,,,,,,,,,,,,,,,,,,,,,,
243,1970-01-01 00:00:00.000051016+00:00,9,SmartRPA by marco2012,complete,2020-07-07 09:16:08+00:00,debra65,OperatingSystem,SublimeText,programClose,,,,,,,,,,,,,,,,,,,,,,,,,,,,,,,,,,,,,,,,,,
244,1970-01-01 00:00:00.000051017+00:00,9,SmartRPA by marco2012,complete,2020-07-07 09:16:31+00:00,debra65,OperatingSystem,Skype,programClose,,,,,,,,,,,,,,,,,,,,,,,,,,,,,,,,,,,,,,,,,,
245,1970-01-01 00:00:00.000051018+00:00,9,SmartRPA by marco2012,complete,2020-07-07 09:16:41+00:00,debra65,OperatingSystem,VisualStudioCode,programClose,,,,,,,,,,,,,,,,,,,,,,,,,,,,,,,,,,,,,,,,,,
246,1970-01-01 00:00:00.000051019+00:00,9,SmartRPA by marco2012,complete,2020-07-07 09:17:31+00:00,debra65,OperatingSystem,Explorer,selectFolder,/during/personal.flac,,,,,,,,,,,,,,,,,,,,,,,,,,,,,,,,,,,,,,,,,
247,1970-01-01 00:00:00.000013372+00:00,9,SmartRPA by marco2012,complete,2020-07-11 08:40:23+00:00,tinaowens,Browser,Chrome,navigateTo,,,,,,,,,,,,,,,,,,,http://smith-ayala.net/,"[""fromAddressBar""]",,,,,,,,,,INPUT,text,news,,,,,,,,,"id(""traditional"")","id(""traditional"")"
248,1970-01-01 00:00:00.000018600+00:00,9,SmartRPA by marco2012,complete,2020-09-10 18:29:16+00:00,mirandahuffman,Browser,Chrome,navigateTo,,,,,,,,,,,,,,,,,,,https://www.lopez-osborne.com/history,"[""serverRedirect""]",,,,,,,,,,,,she,,perform,,,,,,,"id(""environmental/section[1]"")","id(""environmental/section[1]"")"
249,1970-01-01 00:00:00.000024762+00:00,9,SmartRPA by marco2012,complete,2020-07-19 18:14:47+00:00,dixonrobert,Browser,Chrome,clickTextField,,,,,,,,,,,,,,,,click_btn,,,https://www.allen-williams.com/economic,"[""serverRedirect""]",,,,,,,,,,A,,security,,provide,,,,,,,"id(""environmental/section[1]"")","id(""environmental/section[1]"")"
